{
    "Q": {
        "elo": [
            [
                1000,
                1015.2975328274754
            ],
            [
                1000,
                1016
            ]
        ],
        "games_won": [
            1,
            1
        ],
        "games_lost": [
            0,
            0
        ],
        "games_played": [
            1,
            1
        ]
    },
    "W": {
        "elo": [
            [
                1000
            ],
            [
                1000,
                1016
            ]
        ],
        "games_won": [
            0,
            1
        ],
        "games_lost": [
            0,
            0
        ],
        "games_played": [
            0,
            1
        ]
    },
    "E": {
        "elo": [
            [
                1000,
                984.736306793522,
                969.4387739660466
            ],
            [
                1000,
                984
            ]
        ],
        "games_won": [
            0,
            0
        ],
        "games_lost": [
            2,
            1
        ],
        "games_played": [
            2,
            1
        ]
    },
    "R": {
        "elo": [
            [
                1000
            ],
            [
                1000,
                984
            ]
        ],
        "games_won": [
            0,
            0
        ],
        "games_lost": [
            0,
            1
        ],
        "games_played": [
            0,
            1
        ]
    },
    "A": {
        "elo": [
            [
                1000,
                1016,
                1031.263693206478
            ],
            [
                1000,
                1016,
                1031.6316514810308,
                1013.8060498119183
            ]
        ],
        "games_won": [
            2,
            2
        ],
        "games_lost": [
            0,
            1
        ],
        "games_played": [
            2,
            3
        ]
    },
    "B": {
        "elo": [
            [
                1000,
                984,
                968.736306793522,
                954.1721796717983
            ],
            [
                1000,
                1016,
                998.1743983308876,
                982.216434266061
            ]
        ],
        "games_won": [
            0,
            1
        ],
        "games_lost": [
            3,
            2
        ],
        "games_played": [
            3,
            3
        ]
    },
    "C": {
        "elo": [
            [
                1000,
                984.736306793522
            ],
            [
                1000,
                984,
                1001.8256016691124
            ]
        ],
        "games_won": [
            0,
            1
        ],
        "games_lost": [
            1,
            1
        ],
        "games_played": [
            1,
            2
        ]
    },
    "D": {
        "elo": [
            [
                1000
            ],
            [
                1000,
                984,
                1001.8256016691124
            ]
        ],
        "games_won": [
            0,
            1
        ],
        "games_lost": [
            0,
            1
        ],
        "games_played": [
            0,
            2
        ]
    },
    "F": {
        "elo": [
            [
                1000
            ],
            [
                1000,
                1015.6316514810306
            ]
        ],
        "games_won": [
            0,
            1
        ],
        "games_lost": [
            0,
            0
        ],
        "games_played": [
            0,
            1
        ]
    },
    "T": {
        "elo": [
            [
                1000,
                1016,
                1031.263693206478
            ],
            [
                1000,
                984.3683485189694
            ]
        ],
        "games_won": [
            2,
            0
        ],
        "games_lost": [
            0,
            1
        ],
        "games_played": [
            2,
            1
        ]
    },
    "Y": {
        "elo": [
            [
                1000,
                984
            ],
            [
                1000,
                984.3683485189694
            ]
        ],
        "games_won": [
            0,
            0
        ],
        "games_lost": [
            1,
            1
        ],
        "games_played": [
            1,
            1
        ]
    },
    "M": {
        "elo": [
            [
                1000,
                1014.5641271217237
            ],
            [
                1000,
                1015.9579640648266
            ]
        ],
        "games_won": [
            1,
            1
        ],
        "games_lost": [
            0,
            0
        ],
        "games_played": [
            1,
            1
        ]
    },
    "N": {
        "elo": [
            [
                1000
            ],
            [
                1000,
                1015.9579640648266
            ]
        ],
        "games_won": [
            0,
            1
        ],
        "games_lost": [
            0,
            0
        ],
        "games_played": [
            0,
            1
        ]
    },
    "V": {
        "elo": [
            [
                1000,
                1015.263693206478
            ],
            [
                1000,
                984.0420359351734
            ]
        ],
        "games_won": [
            1,
            0
        ],
        "games_lost": [
            0,
            1
        ],
        "games_played": [
            1,
            1
        ]
    },
    "H": {
        "elo": [
            [
                1000,
                1016
            ],
            [
                1000
            ]
        ],
        "games_won": [
            1,
            0
        ],
        "games_lost": [
            0,
            0
        ],
        "games_played": [
            1,
            0
        ]
    },
    "G": {
        "elo": [
            [
                1000,
                984
            ],
            [
                1000
            ]
        ],
        "games_won": [
            0,
            0
        ],
        "games_lost": [
            1,
            0
        ],
        "games_played": [
            1,
            0
        ]
    }
}